x1,x2,x3,x4,x5,x6,x7,x8,x9,y
99.09727692,6.992345173,3.680406573,24.05609083,23.05988328,167.4184871,0.543351493,81.97839932,161.8899057,232.022
184.3256002,5.362466482,3.331307175,9.242097327,24.57225808,100.6434441,0.631692557,63.26078804,157.8008411,163.786
113.5028821,4.586502866,1.640702485,13.72849944,33.51778785,204.8589877,0.4124749,14.3535363,145.8488848,93.5736
136.5902397,5.534151436,3.583990431,12.27956792,37.59754673,182.3662248,0.724141491,91.83643401,38.92702138,215.224
75.95714717,2.879574014,3.319472947,25.31690412,29.69092964,166.7348299,0.779088446,30.75096698,104.2232526,163.857
147.2569162,4.303346782,1.960391025,15.0856415,28.35910584,193.6523154,0.729453178,11.37985516,7.219809216,71.1814
137.7871413,3.731597018,3.705996534,15.70431661,22.70183995,139.5821964,0.583838174,79.72580631,1.192737969,227.775
86.38442568,4.194830188,1.435139963,12.51680543,37.45815507,211.7774791,0.56206877,42.43532723,92.79733785,228.488
191.56358,6.372675214,3.944957257,13.14192772,36.20208294,203.303036,0.502118488,11.6421844,82.59359656,57.4203
124.3274403,9.92603343,3.622945673,29.56465165,38.87543606,189.506593,0.691111562,33.42212503,86.2742898,110.768
93.80997427,3.658793751,1.897949592,24.23511211,35.10669156,125.7598366,0.702963177,74.64501955,100.9432909,238.427
89.5106235,8.408016835,3.665211006,19.17125704,26.87043798,157.8031758,0.214519133,34.83748006,154.8096473,152.51
182.5669351,9.963079554,2.737693821,25.83691258,34.70507875,165.4749868,0.857869683,17.07374507,58.72798648,65.1381
154.4200576,6.856155635,2.16199642,10.3119953,18.64010877,166.6355192,0.329301416,87.02912116,65.47462746,203.286
103.5549772,8.080360273,1.510705768,23.0184232,39.46920899,160.5352444,0.221212196,38.92714102,22.82119551,174.144
180.3743423,8.602827144,3.744701825,21.90621038,26.46908577,217.4119731,0.884130548,13.6450131,162.3751569,60.836
195.9922584,9.529054056,2.710614398,16.84464037,26.97539722,153.1924942,0.373409451,69.07965585,28.9735155,140.579
72.56734439,5.551101702,3.474229936,26.54631229,12.10945034,153.8876546,0.388159437,47.13977841,47.72017194,223.781
114.3961914,3.165190452,3.063053114,28.33300249,15.46049479,129.5787386,0.654345734,90.52320475,145.645637,266.733
110.9828405,2.849572044,1.679268436,26.71124709,30.26307732,123.0154463,0.252991687,18.40701587,68.81914999,103.868
120.2987582,3.501613295,3.696913727,27.87575881,11.57762645,138.1101775,0.253099406,69.84216508,67.38599268,233.886
158.873784,5.938325275,1.017751589,28.83473886,11.47507906,150.8871818,0.881806431,63.70966157,53.57968401,188.755
133.0210875,9.547715523,3.71064424,13.92522129,25.20986011,181.3161,0.378723011,48.13519582,74.27528169,147.344
135.5612238,7.849824699,1.421293061,13.12745455,10.60988725,178.1464963,0.2585586,10.0980385,175.0527158,80.1907
106.049895,6.002043264,1.713803539,15.42369488,31.10637701,172.5755186,0.933573282,80.73751986,52.09528515,274.625
115.9479904,2.682444477,1.739786146,23.58341254,39.08243168,125.264514,0.782969371,53.153819,97.23621955,175.813
188.1524399,4.962290251,2.223900135,26.96087606,14.54002024,207.2214303,0.854736259,13.58559259,54.40556325,62.878
166.7889585,4.167039874,2.764452984,26.9827117,39.34375124,113.5334008,0.519824201,16.53696583,174.2254894,72.475
175.586217,8.513067171,2.960924007,16.67156665,11.99703358,169.9498097,0.815958212,22.0740982,32.63167149,90.14
167.4698265,8.774188455,3.243284136,11.63967969,14.57278486,212.89235,0.390968452,90.67112494,96.80693901,198.602
164.903676,6.638004909,1.273211652,11.19595619,17.62934576,132.01945,0.44848027,94.9848142,70.02305173,251.375
153.3380956,3.692508221,1.36669088,14.12742488,16.06666418,177.7616762,0.903731652,33.88237364,39.34662355,136.297
169.3030893,8.539357389,1.718811746,23.24800434,34.74488982,139.902983,0.558137959,15.99301668,176.2401493,73.963
125.6090195,2.933953111,1.402029621,25.76671856,19.67599669,208.4494298,0.203003262,96.7976793,132.6813867,273.999
110.3591925,8.334775027,1.481450885,17.25315057,38.75651459,139.0495993,0.643772036,89.5929281,62.42729264,273.498
75.5062441,9.881570886,2.752246213,17.92650455,13.45074863,145.9257028,0.506452734,60.56793549,55.46451198,282.149
81.18598433,7.388498905,1.512256658,15.17987446,27.8079772,215.0389418,0.943317543,31.49718413,6.569307042,212.618
158.1378721,9.263579285,3.00698351,20.23485204,12.4407217,169.5800932,0.425567696,16.90403794,12.12704985,84.0135
198.0566727,8.143047397,3.443105002,23.8119916,23.13169585,188.8334814,0.264832382,83.64086101,80.14966088,147.693
74.08597662,9.90501678,2.069304839,17.00631087,32.60297547,96.9671004,0.408704658,98.34237816,15.20383299,411.023
105.7145993,6.069401597,3.345856852,26.08168373,34.20187253,104.8986309,0.503908773,73.84807986,110.0783212,207.805
120.6768166,6.0348041,3.567886354,23.48464688,23.7417027,197.7287274,0.34624501,84.17421271,71.41624409,209.12
189.5469998,4.462150638,3.086693381,21.64626708,13.0786165,207.4670917,0.604927978,47.36063733,66.40545041,128.175
196.8690998,4.445448452,2.396231085,15.82812042,36.1603203,200.0046886,0.662057606,87.30597872,61.20446738,157.929
151.8068757,4.858704969,3.755327394,26.65270615,25.00628679,215.1388227,0.454177694,64.94477749,45.54196528,154.676
77.74347628,9.244840488,1.446522138,15.49266724,14.00799277,104.4966276,0.57038973,88.63405091,137.8658816,424.574
132.6008398,8.378282511,1.829075053,19.79196764,28.11876465,165.3816467,0.386428759,33.21143502,52.9036892,114.181
88.46135783,7.648188853,1.134836256,23.36743399,17.15190434,124.0330721,0.323860607,67.18709667,5.613732891,307.069
146.2899235,5.171388361,3.181531492,7.924378798,20.83135461,164.1703152,0.65588494,46.27800711,73.34080204,145.25
104.3003384,9.601415242,3.03143132,19.28308158,31.01683116,142.0896218,0.804588808,44.92466839,92.24758391,157.5
130.9204836,9.683051897,1.614983644,29.64290347,18.68700042,219.7526984,0.446357346,54.99149678,140.4513143,159.801
185.8443927,2.670522886,2.443545822,10.88901787,30.79635936,157.3525075,0.554867536,43.15609537,9.376624441,133.759
183.0560971,3.855139286,3.23885908,29.39982548,31.27575156,212.6041115,0.576767335,47.70455351,159.9655268,110.699
105.3892833,6.132467648,1.233100645,10.11936718,12.50457479,97.24354164,0.934167527,83.99298808,142.5785779,361.502
162.010749,5.210725444,3.228982974,12.8576896,21.57730072,127.8948491,0.913940538,62.22436854,59.38467119,167.554
140.8752755,3.340000889,1.579396335,29.75382221,34.19230473,96.79650381,0.392465676,63.01718225,150.0672019,192.26
134.0305849,3.43712285,1.664750837,11.11795893,18.82633038,135.6283757,0.200980389,82.57152487,157.9980177,281.092
121.3220118,5.608669952,2.778120957,17.87583771,29.0571624,104.2258236,0.303035592,18.95069864,153.9024262,92.739
73.0448025,4.639028574,2.004320166,25.62032118,38.88432562,192.1316578,0.875976866,34.0870081,53.91570012,164.47
135.856941,7.723701387,3.121298806,14.99044307,27.10602505,99.8757499,0.788437867,11.19022068,72.79470543,69.068
119.7251373,6.189635734,1.981143278,8.757291395,22.33680359,155.326762,0.90198032,50.73362901,93.57211561,176.222
168.5444958,6.775183563,3.883335738,21.18979429,36.75442154,194.6957504,0.590680689,75.95537285,113.8746463,150.254
181.9404904,7.656831622,1.596371597,25.34744347,30.3312722,181.5754654,0.435555659,49.45517022,177.2887885,124.211
173.4617099,5.560065623,3.601376053,27.91644427,14.87813704,194.5330882,0.56183914,41.65317302,76.85384522,115.211
75.86698021,3.535462294,2.781059649,11.59281287,14.38791733,143.3538623,0.781413062,93.5250823,61.17176931,407.456
192.5143277,4.625543261,1.917616834,11.30802379,10.82955851,106.3336961,0.206662704,29.33993751,21.84269101,120.728
173.1219417,4.249954837,3.374683082,27.32754792,13.59105968,155.5349797,0.713701354,63.97977317,82.13376919,168.599
155.3294964,8.178392061,1.572815349,10.26747202,27.93203607,102.6835626,0.926538482,17.66168026,43.50591526,88.8739
130.0699653,4.567596547,3.387707534,24.16039637,39.22983368,126.8978619,0.612292047,85.79231579,90.51831791,202.419
151.3484687,4.801499923,2.501398354,18.0080553,23.96926296,159.4715235,0.693357779,69.24439097,112.8750981,173.771
80.59053422,7.63899152,2.839181427,20.25446341,35.28816683,168.7798853,0.319253127,93.4413526,44.95408964,297.371
165.6336071,6.222116639,1.781945635,19.46552128,10.57994919,210.9934151,0.82438427,97.84041201,35.9751373,237.812
198.8835136,9.421982097,1.288250347,18.29013335,29.33347622,120.1164275,0.834942636,26.97652789,81.48144842,86.9902
71.36958759,9.57553018,1.658030039,19.05299837,16.84897741,147.065851,0.23614719,21.14909484,42.03115207,165.367
154.0667566,8.381829042,2.307682922,12.87133948,12.07041016,151.9515749,0.740480711,43.98118694,160.2869228,147.482
126.8480194,8.30739472,1.816604393,22.94421595,21.87140921,146.3750761,0.534439338,72.9736723,176.9854331,192.449
119.3063752,3.677308862,3.957526308,16.60138732,37.195758,201.4554943,0.704270254,81.79059949,88.82974112,216.962
122.2595134,3.497335592,2.020181246,25.66188358,10.50092435,131.0268221,0.489660336,73.47863616,69.64906731,250.959
103.0675169,6.023574839,1.048850037,13.8535103,37.43566175,107.3055886,0.677723466,20.82431176,140.0448053,125.746
136.7603152,5.38206928,2.867547616,24.36447448,29.1501468,156.2817469,0.420354975,76.57765995,159.3594333,177.623
181.4821283,7.0753048,3.818028047,14.2055355,29.03954209,108.8683576,0.556771425,10.75596216,54.12898591,59.4948
102.826207,9.581557437,3.410141693,13.91551143,36.65322955,101.785916,0.305224786,10.94137408,171.5049597,85.1641
79.43481645,3.02685037,3.224212737,28.44698867,13.87492182,161.7058951,0.893975212,76.9443265,165.6935094,280.06
71.62928824,9.843702551,2.678875349,16.868486,24.14340534,126.3940384,0.376311163,37.96684516,73.52059069,200.807
99.21237975,6.790294704,3.876818951,9.175325571,16.16651699,197.1149338,0.786159535,12.88786433,27.40819305,98.5815
85.22366284,8.442718539,2.618559245,19.1256941,39.97536509,158.3872994,0.728279548,25.06458124,134.7461221,131.89
76.26015791,6.427721041,2.244287323,15.22991238,24.8636158,203.1302492,0.918498028,51.45811294,124.7576181,234.555
79.3181336,2.595690049,2.388016413,13.60886659,17.30492332,179.1026664,0.285135457,22.26830911,20.39021504,154.948
87.90442258,8.794274974,3.626414373,24.56242889,18.78777378,135.3251451,0.785869907,62.00026081,155.9243603,211.989
169.6724371,8.629008872,1.49599244,24.65566066,19.43106974,177.1016134,0.235717746,26.44795494,28.51098802,98.506
129.510237,6.748976345,1.651678449,23.70594644,21.11003795,131.1434809,0.286770708,31.09414903,3.347456902,138.911
187.4053135,5.041933139,3.687232655,17.18632732,28.82037375,116.9825106,0.939568755,39.6607205,16.5826992,117.73
166.5516813,3.779949403,2.269077259,28.20005916,36.3651287,159.3344264,0.9225909,81.71553027,87.83281129,167.403
147.8668098,3.295881962,2.834484269,21.1589245,22.28496088,162.6383528,0.647785128,23.93954783,36.48074287,100.947
149.2580442,7.30498681,2.131202764,17.44406623,39.12399671,97.15664667,0.307458711,92.54243479,18.35456645,219.363
104.7372988,7.69554425,1.762710298,18.97067491,34.9510409,213.2555436,0.845361041,29.29219584,25.82087511,126.209
158.5123959,3.86286773,3.859606664,12.4608919,30.54758295,174.957249,0.774053596,67.35516007,45.31529759,171.837
157.5781935,5.198849602,1.47057344,19.86382199,29.5569439,220.3280085,0.316626883,46.22152812,154.4315553,133.067
144.309586,9.748975808,2.557091859,12.78378433,18.48591922,133.8116122,0.499377444,89.93232281,77.50125312,220.855
176.4164185,5.789908394,2.26536689,29.24139425,22.90670186,201.870663,0.263567655,84.92312808,16.89778396,172.718
125.2696969,8.417162841,3.493334495,19.2925562,18.10074209,138.3510451,0.337312118,46.40759345,128.0960453,151.854
76.6658995,5.303896433,2.24916383,26.68513265,28.06735138,184.6084938,0.949719855,77.1109755,170.5753546,260.204
93.68559713,3.350123307,2.135092319,28.37962619,39.63900658,206.7261846,0.666769799,96.59316684,38.11607905,273.815
143.3390558,6.619425277,3.383359432,9.221695231,38.26214161,206.3697905,0.277117332,46.52766294,95.78070843,137.172
91.98047599,9.97870986,2.758701312,18.86641228,19.85103291,97.5422497,0.694707215,40.0115618,128.6209595,176.942
199.4503617,4.539144271,2.914294855,23.77306249,37.22204003,179.7756621,0.814282257,70.5332088,42.46884146,138.878
189.2265471,7.44847581,3.727158697,21.60676394,29.98646572,100.1601314,0.469555344,28.72167413,0.707167245,95.6251
199.1691308,6.10942302,1.357112701,14.25638742,22.19648221,205.1698235,0.302964102,71.27509891,87.31624685,156.473
199.0306376,5.15440852,2.959117841,26.17100292,18.16144497,163.4680548,0.594554237,28.85225489,34.66661963,91.6383
102.6503561,8.024582001,3.40411833,20.71375432,35.18039342,130.113561,0.790402392,12.12963421,43.85489221,81.5849
187.2313947,3.996572157,1.946673309,29.40046719,15.12664692,210.6786525,0.398959011,76.26862672,145.236497,161.542
161.849054,6.153519841,1.104818822,23.91714872,14.16897885,185.7710156,0.832288664,56.27358689,57.01111228,162.436
194.6657624,3.016549408,3.338505109,23.87376372,30.13551858,199.5982542,0.930525527,50.95081549,10.27927129,129.869
94.95853739,6.433509325,3.93984705,18.72564309,13.33873294,156.0217633,0.300905571,54.0888679,8.505925305,226.424
104.0314179,3.575650735,3.412587262,11.56581671,31.82389486,132.2801839,0.600422962,43.06321257,140.9066992,172.046
82.98219567,7.767144844,2.542149811,11.00747729,10.41422139,209.1574347,0.460642762,70.60242423,55.14770206,318.492
72.66808461,3.052358821,2.795087822,21.99436924,27.25320767,111.2866155,0.349426752,74.07990605,164.2421188,283.344
96.58104727,7.964585736,2.184127374,10.47225816,37.30018566,201.0030119,0.348932238,39.35046764,0.257845296,175.305
114.583877,8.200846931,3.644390342,13.34164732,26.43270986,152.207213,0.846282877,24.27030891,121.1557687,108.582
161.5220064,8.987644934,3.42254378,28.71003343,24.07364103,149.2750907,0.907355633,50.13070433,46.39632923,123.944
159.9574866,9.227551526,3.066040852,14.4096492,32.65398629,213.5818455,0.482559947,80.10613493,179.8899626,178.319
162.7539147,6.360815772,2.155838692,21.98395402,32.86396899,217.0574465,0.633709717,92.7595254,64.29594025,172.971
140.2544635,3.894131464,2.700411702,12.3805893,10.24447986,198.6441103,0.778696774,28.25860363,67.79926607,123.853
121.1262258,8.353677395,3.050092135,20.91882391,30.67143844,104.9624408,0.455971057,86.61588197,22.67140394,234.025
172.4028125,4.11766046,1.809893942,24.34461057,29.5767165,126.6583319,0.475583252,53.64307979,136.5217615,136.985
145.0775787,9.191480756,2.89564714,14.04463711,10.45643231,170.8353145,0.370612791,82.67371993,107.9444054,227.209
150.3856444,4.298776827,3.247065109,13.38762723,32.88933143,180.5257885,0.826663388,68.03772454,109.7245324,169.719
193.6868096,7.701399666,3.925126261,11.95164206,31.67271613,101.3296392,0.458586465,84.49322455,147.6045544,168.36
125.9040687,4.524995168,2.687304677,26.12295918,36.62506225,100.4476663,0.874396524,59.53895286,117.6285668,173.935
146.8123245,3.388685927,3.532247755,16.25774511,34.52712556,186.2035017,0.683614584,98.88500938,101.6435778,209.764
185.5536475,6.751604029,2.741155811,29.00281447,37.39697504,133.7443626,0.938242747,53.51060203,39.62838428,118.903
168.043576,8.133376575,1.90310394,24.30566632,10.90917798,102.1540374,0.559921188,88.3850146,142.2559708,227.478
181.1346846,5.074163364,1.419596967,21.41998117,15.51681834,210.1633979,0.5268724,32.94310021,171.2003271,111.593
139.0366821,8.127758802,2.858816776,13.56518619,22.5013491,178.2671964,0.808388162,22.89865092,0.139269319,101.952
155.0629977,2.585555232,2.358357652,20.81320169,23.32008438,212.1537875,0.387600441,66.6850168,158.705796,168.517
102.3688997,8.665496196,2.594459502,20.84335167,34.91238088,152.8288812,0.421787399,16.63355689,148.3227021,93.047
167.3616078,4.280161381,2.56272344,22.49894454,38.34413283,144.8727171,0.453690438,82.84982984,172.2681956,177.447
82.67701442,4.149277982,2.974243685,8.434623259,27.16099828,164.8891056,0.517989699,30.96819004,40.32028855,185.551
175.9485134,4.390114779,2.632839393,28.47469217,18.28976992,158.2633072,0.211928297,28.13564654,115.2693231,92.7538
165.3448667,3.660922164,3.511641185,11.37971369,33.97984342,137.5505286,0.410530914,38.66916006,3.698391892,134.204
132.1825595,5.09432813,3.334755579,13.27391206,14.73824469,213.7443867,0.839795912,14.88711617,71.6104321,83.7045
108.7426924,3.834871281,2.82522271,28.07841454,27.39598535,151.4688801,0.54843077,23.69536653,41.78821742,109.704
118.4151565,7.266132562,1.691901626,24.72522874,29.21842184,106.9290255,0.298675373,31.42618532,7.654966428,145.351
92.65196204,4.984950926,3.756548331,17.95237625,12.26196483,148.402324,0.557652532,99.61573477,81.79883323,347.525
168.2131095,6.682921263,2.03326415,22.20098318,12.7156858,197.9525061,0.942236286,28.03655911,41.11624239,98.191
88.96766225,6.870763952,2.17363764,25.96161606,36.53465185,108.365081,0.279357515,37.59417556,105.9187205,152.569
80.4613532,4.186991637,1.155699257,22.89472854,15.32226935,192.8865138,0.255880371,67.68479878,32.1720324,317.419
113.3012671,6.505879934,3.678096139,27.96541124,39.69659861,122.0832077,0.216539854,50.51782798,96.63957426,152.791
184.8747541,9.850985211,1.796519588,17.36738216,16.30290619,144.3753751,0.452922202,78.86404684,72.48253969,166.98
120.0458322,7.780888041,3.045733859,11.40107201,27.90275147,117.4845093,0.848088092,10.3053691,70.83184128,71.6123
162.9706135,7.412406052,2.470178287,17.29164573,19.24596698,130.5714296,0.573880152,47.46235821,59.77973988,131.743
144.7125825,7.860528722,1.869149044,24.96497338,32.92401631,199.7355374,0.344291153,38.5424441,32.75630345,114.392
150.1819486,8.040292504,3.425064859,26.14646235,25.10545972,202.5404414,0.914428184,68.25866144,34.07896477,156.437
178.7670672,5.182492589,2.929278957,16.10727329,15.66849207,173.1093382,0.760443052,90.36612244,146.6384528,194.72
74.18401129,6.383059435,1.29243486,24.07521989,16.27118258,215.4788026,0.28217536,27.1697875,137.1772658,171.555
144.0242078,5.268934711,1.721967503,11.87398268,18.23840053,193.2626036,0.33457132,60.14175967,43.9755781,196.828
180.5344843,5.521476896,1.100971911,13.81958314,19.81224361,98.01531136,0.273843242,62.78379829,138.4528126,184.981
156.0893865,9.704809561,1.554926327,12.04702375,23.48238952,185.913458,0.521586928,24.14079537,63.87909006,99.1557
159.2608581,5.495972764,3.66200373,23.39125516,38.14454761,215.8254841,0.614369225,38.70881605,122.405271,103.638
109.239183,3.901843232,1.063629264,8.321100893,20.98964731,116.4911695,0.731072963,41.70456444,101.9332985,203.403
143.9050686,4.514656096,1.040313815,26.04293675,23.42617264,205.7407816,0.357808982,18.63729972,169.9128525,85.8198
139.7364716,5.485624649,3.128913675,20.54678382,29.51499102,130.7985364,0.866423363,24.57472716,42.51928443,100.459
77.93224733,8.55221218,1.707967446,17.03753314,15.20673488,219.8599246,0.488150246,55.49449286,13.66011796,323.253
120.9044464,8.545457794,1.497383074,25.22681971,39.95606009,203.3586513,0.752440831,60.5186566,11.22056264,206.666
167.2206623,2.663737168,2.695148487,12.44301624,35.07511842,193.3748393,0.687483584,68.41459691,119.554676,167.323
147.724783,5.399411142,3.94111627,14.28572518,21.67364555,176.7448629,0.859346386,37.87012487,142.4368166,124.874
169.0672427,6.596158056,3.654418044,14.58640414,30.58795952,204.1087003,0.706203699,36.9420524,110.9477446,102.127
101.831924,4.456035152,3.978794517,12.26415625,17.21001519,111.3222832,0.73245769,44.91288609,62.09919914,192.414
193.5264924,3.259116724,3.750700674,25.51693927,35.22870789,205.2561894,0.41387934,58.84596867,64.70450808,125.826
196.3845317,9.290952969,2.511694636,12.32948993,28.28232846,176.5958176,0.531598798,76.71120516,150.4713276,146.495
114.8382763,3.407500253,3.971920344,11.50124552,32.58615086,127.4296411,0.202057456,17.2594535,110.6563887,94.8749
180.2002114,3.972046045,2.77071054,11.64669583,23.38294393,182.9518269,0.487740274,45.29326292,74.57640143,120.956
79.6474301,4.918326274,3.491265036,28.42745747,30.43956391,121.8089149,0.494984041,45.70765084,88.07601489,188.291
95.38400933,8.744602192,1.537149201,25.57349034,39.80884999,173.235445,0.680512519,65.49777645,143.3851047,234.878
128.7931676,8.168648502,3.596509403,11.05544272,11.7488305,147.8174903,0.738353234,80.27295555,135.9293293,246.682
171.4989495,6.345452806,3.86544853,21.05876922,13.67017402,195.1328335,0.43848679,36.44330012,61.51824221,110.471
119.5591582,9.144795937,1.69964573,23.83001446,36.58237862,155.9343135,0.865674861,88.83919606,108.2537956,245.986
84.89590465,3.230488993,1.220205099,20.86507697,36.31168529,122.3445314,0.911619627,69.61245962,122.785597,292.241
182.8570503,5.358149334,3.987658858,8.765055917,27.66595093,214.8236477,0.422126569,56.3757881,36.16847627,139.386
170.9430882,7.029608202,1.915596171,17.41659161,19.11887378,141.6329686,0.394919585,99.40936963,50.45165776,206.764
163.3537459,5.86498745,3.953660389,10.60649127,16.73661442,200.4005614,0.289466788,85.05653876,78.10028778,195.894
149.1921512,6.711641559,3.995519199,28.5830872,22.98183185,109.9053678,0.545631221,40.98590193,175.7417258,122.096
108.9696139,9.699626981,1.993241715,18.62914007,36.76579968,138.7451137,0.589378019,90.4089387,33.71529007,251.916
174.4800994,2.725153993,3.767539378,29.58581618,31.34256628,213.35894,0.513988308,25.31545821,135.4202069,84.0674
176.7163058,3.754324899,1.219194095,14.09389278,18.25977699,111.5366073,0.849470648,51.312209,85.80560134,170.752
150.6555853,5.323480063,3.303314272,25.11862413,18.57460566,137.7832106,0.799363204,33.06962889,6.152445093,122.875
102.5563232,4.608141495,2.881610303,27.70700793,29.81543036,218.7961504,0.245693476,64.99947172,23.31087562,201.715
117.4030041,2.82223668,1.820153196,18.21234513,30.92947341,143.9668458,0.547279961,37.27214015,95.61565107,144.247
195.5958085,9.865585255,3.10426879,16.46641113,35.57024657,218.3953878,0.608174868,60.23713789,93.72493413,116.592
147.4849142,6.883935073,2.760972611,9.462201094,25.45802453,221.4760746,0.25764114,30.76127563,70.6479418,106.377
85.83065561,8.456864476,2.38440561,12.58524239,12.23567447,168.0258799,0.739848335,66.7766762,154.7542356,296.594
125.3749186,6.959526091,1.623869856,26.5525816,20.85583042,190.2844933,0.377859642,32.47880181,77.13000295,125.055
102.1968361,4.843311828,1.891721199,9.940102824,11.71455317,203.8055036,0.858720273,93.30703087,78.49546703,320.501
123.3455309,3.638106808,3.690887049,18.03781592,20.29534514,115.7348882,0.309803,41.14088457,33.41805443,166.247
185.2639083,4.747136543,2.948774451,27.4201936,24.18833336,194.0894363,0.246828529,67.8478389,161.456766,139.73
90.64919044,7.270325579,2.14463277,18.65512585,24.98655449,134.9191268,0.256281351,91.4077364,99.82614052,298.658
137.2128819,9.467970786,2.772853603,23.99728028,29.77642753,185.0930262,0.59843871,49.65976571,82.47751906,129.571
149.7373105,5.516993597,3.454102496,21.80114878,25.99330044,191.7019627,0.318568558,44.23247942,9.895038624,139.643
152.8157631,4.94535308,3.60976658,24.78370148,37.27019932,119.2164499,0.581374718,21.52305095,24.97300615,87.7103
190.5051454,4.084298606,3.155672427,16.42398637,30.87272477,158.5523414,0.306196439,39.89946575,104.0393143,107.682
134.3167447,5.436834994,1.001632282,12.83356103,18.91664024,99.17402465,0.29306992,12.55163093,33.24814828,85.7483
173.1953469,8.971257968,2.660792099,11.79626783,13.62752936,180.1333891,0.251910718,40.71491563,93.29620808,121.763
180.8856349,5.660961268,2.590585501,16.76528563,24.67822076,135.0308855,0.603897949,92.98438563,24.40239433,204.092
71.50309429,4.134369477,1.311777355,8.56911664,25.27390832,209.4227141,0.795173686,46.8364382,179.4401529,366.855
153.4243652,2.891530941,2.636310842,17.37524167,33.40027104,202.1731146,0.359245968,27.29911308,153.759141,97.1769
147.0654774,9.996506826,3.416448573,24.5179122,14.07183463,166.9703192,0.315929577,78.52549875,94.01515633,184.789
171.5994256,3.589748136,2.123009179,28.1257254,38.50134384,99.31619013,0.860549297,93.64821674,80.91180369,198.986
197.0581674,6.531039387,2.040508851,10.39251547,38.71697879,152.5242334,0.338932877,54.62247976,98.95739041,120.484
93.21086406,5.757246217,2.107787458,28.95798302,35.96386579,187.2211105,0.522708189,66.0115888,117.1767199,208.502
81.99701234,3.526364515,1.318287479,9.11686344,33.2971107,149.5386035,0.484323365,71.54505306,51.63341027,357.02
101.2249883,5.623833769,3.258755304,20.41658994,26.03307744,120.9244075,0.418796835,20.52409905,79.49002687,107.011
112.9726057,4.093576784,2.0650082,10.92464164,20.12030875,189.700119,0.896411202,97.56846317,150.561821,274.628
125.6969306,2.81359346,3.486808242,24.71598885,24.83356051,191.4618211,0.935254336,72.70743643,163.4452567,198.188
84.07840699,3.114328875,1.928900229,8.348027211,26.34639138,192.5388544,0.831835463,33.63427273,3.893571139,206.442
87.51899747,4.363395919,1.841801214,23.94059594,23.31169502,198.6566425,0.679025162,26.21045426,5.349131219,131.228
96.01124189,4.072784773,2.467289867,8.992738481,12.98565566,130.0970952,0.276510042,21.81853752,118.0014662,134.166
115.2514874,7.340459625,3.505098549,11.43209971,31.19931729,219.5928732,0.659123736,58.73484191,36.44614127,195.008
112.455701,3.440224045,3.574408429,17.24551961,35.65095577,209.781474,0.757223106,44.68006938,168.6944433,156.575
74.95589253,5.908312569,1.238854361,19.68374915,17.75968894,126.4223311,0.434612805,91.2420643,135.1503434,411.411
122.0603202,8.994520863,3.869848784,27.38612309,24.41158402,196.8800621,0.751018156,62.19261631,63.60404553,161.319
78.90486093,8.705559387,3.571755713,27.79680239,34.35918822,174.0400356,0.395078208,68.60975892,174.7624541,236.534
91.69776052,7.051414795,3.829910521,17.76952775,23.00231584,165.0759316,0.6766413,45.45706026,15.73254102,208.008
78.24676579,5.813054918,2.456106472,21.56966957,18.43159413,198.9616576,0.259286425,71.06064315,140.2395657,269.352
174.2601032,7.242414252,3.63593297,18.67735598,11.07944783,184.2936043,0.863775242,64.1651344,75.88674042,167.575
156.407734,9.87523983,1.30208467,16.71232635,23.69823608,116.518238,0.941471703,59.16279979,168.0465835,175.93
153.882253,8.613757415,3.29314833,10.73227723,24.68148298,121.3948455,0.274688347,73.00892027,176.7865412,192.345
85.05270605,3.317292135,2.04633735,22.0342579,26.75391472,132.9138352,0.591778492,29.06706372,173.1404613,146.781
136.0897952,7.362363586,2.671902812,17.06641593,23.45377017,205.5943228,0.772992001,80.34000183,66.55893162,191.58
127.6921153,3.569326347,3.297272829,15.59718174,16.56661262,162.4101845,0.232939574,99.64221774,79.03531177,270.517
150.0343945,5.659545319,3.342970739,28.19601497,30.0179743,105.8855973,0.335547341,86.2497648,152.685128,189.503
192.8921949,8.423438278,2.039813416,16.77546676,14.98219516,195.479286,0.63712266,16.36986517,83.2979381,67.8963
148.9152036,2.834935319,1.93731429,15.03251969,20.53307658,199.8296795,0.217840967,15.32759943,121.5413798,78.4797
185.987542,9.514641575,2.905515015,20.35979392,17.10255039,136.1018479,0.770250882,38.12861869,104.5548423,104.089
154.2457968,5.372736456,1.431131779,15.78977701,35.38726815,183.4750232,0.272125904,47.8957739,23.20233944,153.377
179.9522538,8.46961224,3.905684046,13.09725926,30.23371877,218.9563872,0.299118184,99.93824356,166.1526735,181.48
86.67772035,3.619834795,2.234031088,28.70559994,15.05339867,197.9775319,0.827251026,88.03468292,102.1788485,284.457
74.52070369,4.251454499,2.420175338,22.50913631,39.54107738,184.4772642,0.725778345,12.79122334,105.2130481,100.147
146.7746026,8.650865172,3.720019602,16.33903956,10.52615189,141.0560616,0.29632365,63.34961705,7.046579051,204.11
167.9028047,7.259537094,1.546109441,12.6794823,25.30685066,175.5399931,0.663508786,97.33486989,59.13812426,222.625
107.7781441,8.189377162,2.472482321,26.37643591,39.00544084,101.9468755,0.222187117,32.21710089,13.01605494,138.745
179.6179297,2.572530777,1.426871883,24.92104017,33.36604424,163.7538172,0.505020837,25.15613104,136.8458026,91.5317
135.2263605,6.548955492,2.206586502,10.15516648,26.18778437,132.6679619,0.940093103,96.29170397,49.20590495,241.726
196.2412056,6.48326239,3.024164373,12.97462614,35.50779203,195.7155799,0.512691337,35.29292879,23.75348465,96.4997
130.5700201,4.178244402,2.555151811,7.754789676,18.85592407,107.8773366,0.55160906,29.7631016,115.769538,130.101
121.5972719,4.212262647,2.649588786,8.720685997,14.46910436,120.6088187,0.295975389,77.93136693,86.85521243,264.929
88.24644448,4.1503234,3.901399501,19.85171887,16.77829157,118.9793955,0.32141312,55.83103837,60.14257516,230.07
164.6831241,4.438735954,3.63099677,26.30378513,19.75916924,196.7013766,0.696219353,61.35634518,108.5767419,148.391
161.1402791,3.822977104,1.566249921,23.05903546,22.46915228,160.08188,0.479053923,98.16617079,96.41152582,241.878
82.29180218,5.825185904,2.983957294,27.60580557,35.81712751,214.0742788,0.267252642,54.34455144,147.3413067,190.022
124.6359564,5.737472471,2.375009199,14.87298466,28.41420741,106.0388988,0.635524639,26.10692204,170.965957,115.381
156.9343596,4.793273072,1.540303105,10.75542148,18.52168701,174.411713,0.406591553,84.12822182,63.40381517,236.35
176.8155162,6.043857739,1.298782943,8.293963294,31.15295079,206.4922521,0.467271761,37.22575012,172.7781089,132.027
112.6488187,4.676449663,2.015478979,13.2023456,26.7932361,96.44146211,0.268282243,35.35651568,127.5350844,147.75
129.7498929,3.242662412,1.708015089,26.91172731,13.68559252,198.3241476,0.518588046,94.24929067,101.0594395,284.336
126.0877848,6.553618616,2.831761331,12.54594893,17.00711868,109.7151655,0.21983301,89.09290846,120.7889227,262.428
173.8135529,6.462176743,2.506051736,15.1368975,36.2677224,146.852895,0.555937576,27.78191902,75.46205653,89.0065
103.2682053,4.418990803,2.324961322,29.18991307,22.40703363,147.5701379,0.23408592,71.64844783,108.1056023,214.779
138.5307085,6.321769813,3.951443074,21.84491683,28.1477177,112.5946408,0.254553581,89.39436071,41.00445526,213.843
172.0254755,8.39916942,3.911121112,21.21433965,20.27784781,205.4098818,0.524004731,33.80253905,168.4118028,98.5608
163.503253,5.836802612,3.458677357,24.8113622,33.01077751,202.7299706,0.492906854,15.44575577,167.4026915,67.3545
163.6599736,4.684359291,2.379704181,22.32246975,34.15210915,211.0992495,0.592034545,17.95012808,92.04319519,71.6807
100.8729537,5.859580193,2.413687881,14.70645446,33.56027053,133.2167447,0.742329303,75.87458363,55.39401702,243.637
76.08559467,7.083779278,2.284417421,17.79485185,25.63803355,143.8056629,0.656259478,34.95780668,7.953162168,200.473
128.2100507,8.932299496,3.827139394,22.96822777,23.19008672,98.86380327,0.652108619,89.52942097,125.4323543,220.568
128.2441134,7.509461168,3.251443088,13.18290218,32.44561528,103.8305559,0.23394953,61.36644745,98.47733299,179.382
168.4520151,5.633848882,1.806152958,18.87529452,35.92421619,153.5614118,0.414650429,38.31344538,37.91476399,109.143
71.78421775,3.195474814,1.009574892,21.77341646,21.15658713,171.1265384,0.73699494,44.48493674,28.0381118,267.984
180.9848269,6.702748098,1.971739081,12.72037882,21.35411678,207.1792337,0.577004208,19.88859984,149.5356993,78.3697
139.2666203,5.742984935,3.785884364,11.14158382,19.23358141,202.2297103,0.419566437,69.68773418,52.59124177,184.737
156.2996848,8.477528393,1.801184333,18.71568335,27.35263588,153.0268149,0.371233707,57.93465004,106.3464044,142.29
174.6368546,5.970127453,2.495336559,11.35204657,15.57633388,151.0660414,0.207676794,61.08225171,18.23115733,172.801
92.76661699,2.617412848,3.115365191,24.4888472,23.22602995,220.1041622,0.868955114,93.8963166,126.3865624,279.502
164.4891474,2.555114521,2.219034315,22.7813602,33.82481018,212.5662004,0.593745244,56.61240101,72.35107446,142.492
184.7150667,6.574838594,2.569388214,13.86836557,31.98657819,219.00717,0.627306942,80.03403812,125.6354444,152.357
134.9044477,7.165460327,2.4310552,29.15922374,11.2634528,139.2582173,0.748534712,26.87933102,160.410831,110.061
187.6276314,3.62945797,2.932284861,8.950591533,37.14707962,162.2985889,0.384602713,67.58071744,37.32203877,155.691
126.1610457,4.647159107,1.200743159,28.1546288,32.48786938,155.6919086,0.339707185,35.56979553,54.75714866,129.759
154.7830932,4.350068194,1.516225597,26.32752959,33.32036674,148.1943914,0.889734472,72.86779842,146.9961786,176.951
149.6509227,7.486538225,3.980051446,9.77938741,29.2727531,148.6548776,0.766183298,54.8665453,27.33034463,159.988
195.3469153,2.803449892,1.437899627,11.7273617,12.36776458,187.7657959,0.746290884,82.15415995,44.51862295,239.72
197.3473589,9.321115873,1.66017129,24.46884338,35.14653243,147.3170383,0.855594426,24.64013695,90.15982021,79.7228
113.6349765,4.475603771,3.821657893,13.62478978,10.39391275,140.0665303,0.397693812,42.24848002,29.56454433,191.206
115.6941405,7.574196574,1.790566626,29.07810558,36.4729168,194.8897189,0.673161828,97.615314,83.21639391,224.075
73.16045571,9.040670707,1.973522137,27.75150238,10.15393248,160.5049833,0.330004271,21.99611535,106.6070788,135.012
160.5763062,9.283028888,1.943519319,15.86753721,33.0488077,210.4102879,0.613821005,25.93031433,38.37073185,89.0028
93.41681994,9.271342168,1.701188347,15.18583506,39.59900834,172.3300166,0.912750426,75.18977037,170.8733869,295.789
182.8256791,2.791056579,1.671314574,10.80867919,10.28179975,205.8870703,0.571926463,35.05048422,60.84946177,139.011
188.2723139,9.436961784,2.454535046,20.95468936,23.59637271,122.8254527,0.651915562,52.98746584,26.7926369,126.609
175.1660495,7.797792506,2.476416198,20.31596794,33.1094421,143.6718092,0.805667453,80.9157749,30.77261182,165.099
159.9770688,9.363998254,1.212528459,25.03289218,29.95469135,117.1036153,0.758589122,30.43572035,139.1409556,104.018
73.63507757,9.387552961,2.366778922,24.67488967,32.05538534,151.767358,0.630011496,66.43710452,49.59577053,248.999
98.50070692,7.140692941,2.67597954,14.93041806,10.1045444,187.6002526,0.685571571,12.19569836,20.93856678,98.4796
185.6631241,4.221279632,1.595772815,11.24467243,29.19603833,98.48438882,0.566481942,23.06441433,162.6999344,96.9994
177.8395478,7.208133223,1.442846187,15.56104302,36.08563079,211.6042931,0.204369751,51.9440893,48.44226917,135.027
124.5913086,3.881336163,1.956766617,26.40581366,17.77377432,147.1171745,0.609207793,48.29679244,103.1546469,163.116
162.3663218,6.297642042,1.376982782,19.4124504,16.91438731,183.6910023,0.915483079,31.84888708,9.024603865,127.635
165.202163,6.077789405,2.276838186,25.00845603,15.75193449,214.1197627,0.568392945,70.13912013,177.4968144,166.438
86.09816767,8.100601339,2.841790552,16.6891141,33.91891435,118.6024496,0.928130144,25.73650901,158.1985632,139.339
124.224395,9.073518697,3.561932607,17.47804829,11.62657291,158.0472718,0.825283606,63.56594365,29.87266729,216.854
142.6546803,3.809295779,1.286983008,20.07567694,39.85448839,206.0487131,0.945681571,15.77143795,30.67660723,82.3131
117.0340932,6.456193391,3.834896296,9.839179844,14.65967963,106.2087467,0.768673167,63.04363842,178.8557032,245.069
131.1402687,3.422996643,3.886258049,23.74970371,17.82401955,125.9956031,0.426161613,81.20034024,31.20090369,242.157
145.4647103,7.856569787,2.380161696,21.43610195,12.61356238,118.1545079,0.401233449,14.72312175,35.72515095,79.7116
192.0222405,5.712161986,1.521496564,20.98749105,33.46402232,112.2098657,0.697336092,73.15419426,175.5043081,171.885
113.7243338,4.234943895,3.097818791,10.43641979,14.91038987,103.3063314,0.689492143,71.77842123,78.81615153,261.449
100.0705299,7.226798164,1.68536329,25.49721198,19.38516196,203.8924034,0.470618076,85.1700618,52.42845645,282.912
187.9659933,5.89191671,2.609058199,18.11185328,31.76582231,200.2525328,0.227395428,21.21445236,116.0268583,72.2836
179.3300404,6.679590739,2.333726749,13.75557266,25.35362301,101.529752,0.312328808,16.02107107,8.346887081,77.0139
150.8062382,3.082533923,2.625930389,25.44577933,21.61907668,217.9024172,0.682612816,87.0424623,131.4156662,197.963
169.5354535,4.004997151,1.414639107,22.18966581,39.64295448,163.9460561,0.383421285,58.28934938,166.8657507,154.071
179.1077058,4.403910144,1.991627151,14.44354761,34.39441155,163.3416859,0.278347259,86.40464146,6.467316025,192.113
178.1934191,6.660882252,3.513369015,12.75955646,26.94009379,189.1015316,0.83697797,35.89711278,133.1600439,102.019
96.38303537,7.111062243,2.080487781,26.84610122,20.43166832,170.6572374,0.672043307,82.25308656,34.91305776,248.361
86.57092648,6.981711828,3.578370202,21.94257815,12.78872866,105.1317938,0.803537274,83.37321391,132.8429346,312.693
137.3517466,5.673778136,3.283653554,20.18653622,19.59276442,142.7912595,0.877406617,81.35517281,22.18940665,219.008
103.3196792,5.7213283,1.1785383,26.47377477,37.52536546,172.2116956,0.270109783,17.17733599,75.16048486,97.2594
122.7818682,9.645727619,2.657165913,18.47990494,33.61178343,147.9718626,0.301018067,42.10591987,25.93423439,139.332
94.54621478,9.759848721,1.156088762,29.67258979,21.96482387,136.3639655,0.585377248,60.68018512,123.5376518,232.552
102.0250958,4.100175864,3.643123261,15.890912,19.06511337,154.8899827,0.416916525,35.11579794,165.0638973,152.344
97.52534723,4.618565289,2.5804359,15.97578148,32.10147051,157.9140319,0.474554787,94.51974811,2.796028054,287.155
138.3931651,5.610931362,1.673122622,14.53251351,25.04927207,192.666512,0.567893011,54.71365458,20.5514076,191.219
109.932374,9.502846716,1.339070359,20.19059799,12.32469003,152.6276573,0.721541933,18.29265928,97.72948415,109.52
107.8172811,3.413412163,2.888825868,29.45429058,14.60695537,139.7573693,0.385561384,80.97876096,141.7000562,255.309
186.4484937,8.239358891,2.183721363,23.6136974,27.87032475,124.5515214,0.753714758,57.22328584,129.2675247,123.979
131.8146643,5.582924065,1.111557316,15.29112383,14.82502872,181.4332404,0.816134863,27.89055001,130.175453,128.25
83.00707237,3.704061485,2.797251971,14.6557922,17.66340057,169.5932517,0.793704506,90.09561508,124.5032299,344.969
122.9908133,4.978450009,2.073999354,27.93321378,38.01812042,197.4882438,0.820468162,36.25337061,96.01195541,115.667
189.7869621,4.733189091,3.32203086,9.389798011,32.36001409,151.1739246,0.366783422,92.2358301,156.914283,185.947
131.3947629,5.474078446,2.240430336,17.11905574,18.3973971,112.7342573,0.224210225,91.96202972,113.7006553,255.166
158.3887519,7.396544122,3.117957548,21.26093729,13.74477458,163.6129747,0.369549988,20.93938933,1.546816016,93.73
126.915366,7.834696896,1.066514812,25.86929518,17.04614379,161.0168264,0.546493994,78.67350684,94.55586157,230.194
117.8146065,3.648885769,1.884945565,19.20680267,36.5074911,196.0588802,0.501935556,81.5316616,20.85525168,230.025
123.8753647,9.495743309,1.460919039,16.49584579,23.94917771,125.1975213,0.304697421,57.79628311,68.99719066,198.977
158.993095,4.262992917,3.42982891,24.4206379,12.58513702,185.0398,0.26090235,32.65394346,90.33665579,114.413
134.6910569,6.444263253,2.407894293,17.21661897,37.81485672,162.0704594,0.238411197,11.27690421,4.237453399,73.2677
80.3681691,8.878479327,3.891589255,17.50753388,34.40121231,191.0547835,0.675260279,65.74042255,69.39074611,250.572
98.14959519,3.966028554,3.36841729,25.0618113,28.61284421,169.7592107,0.688668239,19.16667932,133.5494427,98.9791
131.6454844,8.727914158,3.805192118,24.09626683,21.19052547,99.50329886,0.26981997,53.43791073,132.1154416,158.682
92.93660943,6.92878738,3.042623811,9.025578501,21.78804891,135.2821245,0.250080243,25.70228161,77.86960094,144.298
88.57611958,5.462935877,1.733190708,23.42454849,24.00781646,213.8628275,0.317525496,98.58817805,91.86166252,282.119
115.1826113,5.596054054,2.647240917,22.61395916,36.81623919,125.5883208,0.783185225,76.0409765,100.24196,207.267
138.2565,7.288031693,3.145904491,21.45724113,24.24540339,159.0602905,0.81236328,12.71461633,59.75294257,68.8495
144.5572039,9.069864323,1.486345943,25.24316813,22.00337444,103.7260085,0.811393111,95.51676402,112.0125962,245.637
100.5300352,6.823856398,3.324322227,13.29107838,34.51507197,140.7947162,0.352882621,15.06631034,29.24568458,100.737
129.8859404,8.488729365,1.013657618,25.38382246,25.65231941,109.4646293,0.624571812,57.63012155,165.2657516,180.694
191.0829299,9.205716908,2.713006521,11.48963057,28.88936694,168.4541983,0.872343427,43.88802824,55.8870632,109.115
150.4281605,6.586673514,1.087752606,8.861004174,31.4768134,98.72826493,0.382558671,40.89678761,84.50990959,147.666
105.3152109,7.18546675,2.06054689,9.443845771,10.67570831,176.0358319,0.343780889,30.28958024,45.70696405,151.556
134.2345499,7.879960814,1.563143819,19.10503316,11.48509477,115.3183316,0.342722149,42.71970533,152.0988082,173.13
89.18294821,4.591665599,3.862602126,24.60067579,36.0103414,141.411545,0.535584293,88.23290816,88.66305759,266.341
193.1206158,5.233938162,2.574512194,16.64816476,24.23535441,114.1848496,0.853469626,83.27956979,24.72913167,189.45
130.3971512,3.930487984,1.362874301,28.39081662,12.64379151,202.483811,0.59970986,17.89582624,16.29450433,101.77
183.1979591,3.224542704,1.683411805,14.24145381,38.39048625,144.4542695,0.743726214,71.96187097,116.32831,179.859
146.5099363,8.037404616,2.482871437,14.810834,21.71071684,111.9435637,0.481467606,61.68447098,94.86399259,164.69
83.23898058,4.487558238,2.151095711,22.99008583,36.93495956,166.3470528,0.244342903,21.7130964,134.8961173,121.991
171.7996782,5.279615446,1.373790823,28.81766955,29.44841122,114.8349701,0.838195674,25.59536959,83.60407117,92.3976
190.2234625,2.640294328,1.858168287,7.972466346,26.37875896,124.2613945,0.480049551,59.29508394,125.9429658,166.662
138.6669457,9.351129338,1.054728736,29.04971394,18.73192096,141.7653015,0.754515526,40.55482321,111.6448378,136.51
81.93932623,6.337373696,2.601712151,29.51242585,15.40153285,104.7136599,0.916357286,53.27268385,68.46593761,218.77
137.7333447,5.413102072,2.425433372,21.52098405,35.34128781,99.63928356,0.375539111,32.39850008,89.605176,112.334
152.3860016,3.551268051,1.454325574,18.14913571,26.20021693,174.246711,0.21550338,31.96610504,149.1088843,117.568
99.33982898,5.767115348,3.502613853,27.49046843,29.63688891,157.1301185,0.24774774,55.88710185,46.63105861,186.164
92.04439969,5.103667419,3.101519745,24.28647248,13.55172882,148.4914456,0.71983249,87.64206256,85.58976841,294.313
148.4688219,3.950398707,3.464625499,22.83771759,13.08739467,214.7720934,0.508230571,23.65596151,91.50573658,96.283
136.2321604,6.392214715,2.817808927,25.53258489,11.40383035,189.8406785,0.762172896,77.55294275,143.9842124,211.176
181.3214151,8.228685587,3.614826454,23.67304435,15.97953352,164.5779143,0.529492802,31.14390916,40.56967364,97.9312
74.40969713,7.154644767,3.476155288,20.03756147,35.68795829,156.4385125,0.670339192,64.31256345,85.43655902,261.461
83.73494947,6.648329768,2.820464448,19.15612295,27.07241743,100.820545,0.879689148,74.39425405,56.46939913,280.899
140.1830747,7.620313533,2.845273771,19.94037689,18.15642521,186.8959834,0.588030123,27.04565862,31.646675,105.599
72.92863421,8.940343177,1.334878746,14.33638343,23.66829947,179.6054629,0.759235012,79.53338266,174.7189599,400.524
97.96415498,2.621379995,3.036782927,17.98205277,30.82507354,180.6753702,0.549769246,72.39196786,133.7720101,231.154
186.9216478,8.576458296,3.559404058,26.3622243,16.82046009,116.11516,0.497870049,68.4431326,17.58613901,161.99
100.7694062,2.923175167,3.781578676,21.89550815,14.78053848,154.3911251,0.769662366,59.35134485,37.15488162,236.219
129.1919088,2.510484435,3.016285417,9.677477682,22.39085586,214.4510882,0.794903965,76.72563753,31.16130843,233.593
114.1035637,8.825277025,2.587119826,15.11375565,22.93597563,178.4558752,0.550973021,55.71622185,135.6813207,174.933
142.982986,5.345853035,1.629490496,8.407301279,34.61064711,216.0929736,0.225981131,61.91554929,58.42237212,188.057
170.7160521,6.218054552,2.852420721,23.09299057,25.14787801,194.2725579,0.923407947,91.70541171,15.89080041,186.983
154.0536442,6.736102038,3.313536939,13.70248379,11.9314598,102.3958842,0.629140646,34.33911714,103.8002082,130.966
193.8610139,5.169257448,1.772830496,19.33275385,36.89438418,108.1494192,0.735681312,54.47814759,44.37283076,130.369
160.3005705,8.594307933,1.600154788,25.82367576,34.96556625,98.55778763,0.895882476,83.79610686,166.6298046,198.377
82.57258912,9.371004553,3.189804231,23.52988636,14.27546805,112.1136936,0.610425497,22.65348241,20.05843574,143.758
179.8877853,3.306870938,2.008488255,29.20157219,27.44721771,207.5956603,0.767032663,15.74845673,57.28761079,66.1198
119.0268613,7.409789297,2.92709977,26.0354443,13.98463339,192.299104,0.618349708,89.78257006,123.1692405,235.978
177.6129528,2.698587901,3.965473828,18.08300518,17.84267487,180.8609971,0.463643111,23.08248366,42.93472178,93.1061
109.7471662,6.650253778,1.864382635,16.56099479,16.1248365,161.571984,0.787883744,48.55452706,157.2031589,179.637
194.2267565,6.862652603,2.197588077,21.71218935,21.31494757,193.4657119,0.409622793,20.71032474,11.01655715,78.3297
119.1480213,4.720177891,3.841145796,16.20326624,33.70552857,99.72730757,0.777238083,47.04078631,40.30891834,166.599
87.20275258,7.2163939,2.01766243,12.23225712,17.44548973,135.8117281,0.466660109,56.17079247,98.66496718,231.748
119.8516091,5.442167153,3.135061646,21.28190439,23.55065488,101.1113474,0.261919066,59.02767888,171.7299623,188.422
141.3779254,6.169720123,2.460588983,9.527891318,39.43905622,96.27202456,0.355048864,21.46687225,71.19277498,95.0825
101.1913573,9.419911957,3.186087578,19.38357976,24.33006938,123.7671835,0.864260077,77.0276702,56.77625595,235.886
171.1946307,6.603372052,1.837525038,11.32247721,38.56043611,183.1967657,0.878829688,29.81247736,29.29173234,95.6433
107.4232393,3.686404348,1.095776895,18.25366291,26.28748733,146.1300762,0.443953909,13.13966123,178.3637988,94.3564
169.4062195,2.78143165,1.163332102,16.04397379,30.98205342,220.5804272,0.902207585,30.10004285,90.8151144,107.688
139.9816922,3.064590082,3.839090069,28.28809599,16.41484517,146.6193793,0.924055911,43.52882916,4.490043987,159.655
192.9255377,5.420311737,1.637076232,28.53375102,32.81452721,154.0294033,0.946219692,34.71489449,148.9747758,95.6562
184.9547774,8.961137767,1.02220918,21.11156771,26.52134474,188.9058427,0.712802336,42.52105013,169.2258029,116.837
73.73305128,6.896511743,2.689133697,18.51941139,32.28748625,123.171682,0.692234247,66.95283741,97.65931642,262.796
78.62530296,9.662793984,2.945678895,21.33538528,23.903393,196.2035983,0.237038692,27.73198313,89.92060348,148.829
128.4161898,8.501482678,1.740870109,29.84791629,39.88027228,137.4664908,0.807736283,73.6528848,92.51212419,171.696
194.3705016,3.742213481,3.008677729,21.81214404,38.04995469,133.446552,0.936266101,48.49809531,128.7860303,117.678
93.38523346,4.756887445,2.402692276,15.45108579,16.44656299,209.3698041,0.856150544,96.95265124,80.33199283,310.197
86.83472176,3.544070297,3.713475617,20.15090391,31.48820683,123.2478128,0.763266191,79.22942874,39.56358586,280.925
135.0649458,2.521990385,2.940034732,17.59966353,21.82125609,221.6443738,0.311567297,49.9648382,163.1195878,157.661
197.7909452,9.15213996,3.163336224,25.10908145,28.71730419,195.0072251,0.776847819,26.04919666,79.26942504,75.8256
112.1420953,2.887298532,2.096457522,26.7488468,13.50095966,140.2368394,0.634653135,65.18369398,100.6127973,231.898
180.6467121,5.224085686,2.450458731,11.03966084,23.80695988,191.1955825,0.761148949,44.37615784,31.97155708,124.179
123.1895926,7.983245674,1.608554636,24.25794375,10.02023002,161.875083,0.477453699,82.09972288,102.8932603,278.82
118.8361708,8.689387048,3.274138914,18.93334519,21.44622706,130.3392083,0.841937669,69.43460607,155.3322914,197.522
195.1735348,8.924872291,2.338177201,16.07278184,26.49809843,121.626625,0.723303578,20.58689619,109.306891,72.2474
176.212382,7.816078664,1.878897015,26.63806,20.95105416,158.8177838,0.226115997,97.1186254,155.1297734,177.403
136.494974,5.965149432,3.365692939,20.45391929,30.75266054,191.8025946,0.444318576,84.29986776,151.3973664,185.122
79.01563234,7.67983929,1.386377166,15.7539595,10.76439424,114.3264748,0.389856151,48.77527047,35.45265273,301.134
153.7150601,3.988424536,3.263753696,12.40636888,17.41117422,168.3998518,0.623921931,67.73368467,17.24203506,195.942
94.17892704,6.568617599,2.296225842,12.90710462,17.51100871,201.7091791,0.430439795,29.48909469,47.29937857,152.214
94.34977855,2.918146318,3.523638063,24.18811546,27.31683502,177.9807379,0.381663264,81.12834693,68.27524295,256.905
167.6105789,9.239393213,3.254949115,27.12965131,38.97452984,165.8986238,0.947086836,36.78428012,70.15854221,95.6668
160.6658349,7.138149089,1.466458858,18.50276278,28.58592163,188.6520589,0.40753854,14.186834,18.76420638,76.4868
114.8965056,5.707492922,3.734685211,23.57351327,21.90661317,144.5568451,0.771417408,99.83470582,103.3972419,257.749
155.5410606,6.966903843,3.97274654,9.054925504,33.77558763,174.7235735,0.890884391,65.57943131,110.4415817,155.815
161.4361815,3.105523189,1.257282434,8.098925898,35.01376421,200.8228595,0.541086343,32.75978317,149.3900291,123.404
173.8766164,3.923544889,3.853129677,28.87614217,19.79950997,186.6829979,0.326697687,97.8274005,162.214603,200.16
185.3489648,4.934358896,1.382558012,20.75536741,39.49580914,127.7031693,0.900836748,35.49593984,117.3909147,107.411
137.4820331,3.098513441,3.694213469,10.85628155,22.64294003,134.0488734,0.483011932,33.69850223,142.0373192,132.575
141.1640343,3.477405782,3.738946742,16.00959453,38.22298345,178.5014532,0.653397178,91.12280708,115.5292233,206.502
192.3446767,5.295824943,2.640588709,29.48897541,13.01897494,109.1148835,0.46108744,60.34464011,129.9359018,160.237
192.7177277,9.611497818,1.488667107,17.66174063,12.8429737,208.9960499,0.52589995,90.80534395,119.1912773,200.131
83.4037531,8.004068128,1.634358982,16.26091711,37.63915825,211.3337085,0.275862668,85.9893193,102.5007155,350.479
145.9026448,9.446277799,1.645658524,18.59819068,39.07992501,180.2597545,0.850612785,87.44089062,121.3813724,211.595
196.624154,7.457506469,3.356584922,22.24400563,39.74325108,173.5578324,0.828226122,13.45260967,38.58393258,58.5059
70.00390144,3.212781144,1.750090045,29.87702236,13.41453139,211.4525126,0.520096901,14.04693654,65.16947589,106.943
164.4144216,4.50934278,3.059683939,14.1614649,21.95901572,167.8553517,0.810626741,66.63215869,38.73764995,174.474
162.4608625,9.596286832,3.777053425,26.22331822,34.44914808,168.739589,0.649597223,64.83689866,164.6924521,136.189
141.8244736,8.818743094,1.02469931,17.83868662,38.7997765,107.6681389,0.59563831,22.83117305,159.5004529,98.433
81.26669441,3.173972123,2.28292073,15.26412948,28.22767778,105.536602,0.439462131,42.8938262,76.33642187,201.994
177.0818679,9.103899932,1.047510376,12.11139376,22.08548988,173.4331707,0.813579089,37.44867308,125.1745094,117.487
106.0583757,6.289696074,3.30403121,14.69129407,10.17303274,174.967951,0.809348136,84.8558374,10.38548574,304.151
90.85281872,7.609116043,3.158378003,24.85147486,37.87024887,199.1043361,0.708792055,14.94777087,131.5440666,92.5494
111.114703,4.328768571,2.158297052,16.55457098,25.59212738,111.6958414,0.363934537,53.86718705,107.0879943,189.251
130.7786951,7.938204183,2.99268989,12.70332804,36.33485195,119.4526613,0.833084552,13.25877485,111.3228643,74.3285
193.9997467,7.014307521,1.320887802,22.81804862,25.78115233,160.2286449,0.292572472,46.7034768,67.48420665,118.448
106.8831655,2.764409867,1.007138403,28.59195891,19.02244012,102.8172476,0.619780921,14.47926911,110.316188,99.6008
99.97072102,9.257206437,3.197813487,27.35411997,18.9917383,149.895359,0.802812228,16.13142989,133.9464866,90.6758
75.0288028,8.075676017,3.15102039,18.90670251,25.83796497,174.6080111,0.437597936,68.68872999,21.34776234,304.669
187.7744474,7.465720724,3.361050651,12.02400552,16.61713839,194.3712313,0.921764269,59.84823192,134.5093451,138.736
83.90137464,5.451369287,2.682874994,8.50688209,10.20759697,171.5235334,0.657474187,96.134373,122.8872134,419.818
116.2572316,8.853502686,2.43940178,29.35283473,34.85776794,173.6872445,0.362159956,39.40490872,47.85406146,129.188
127.5140827,8.730461027,1.355068458,27.40536347,24.7459646,119.5260913,0.722953119,45.25855087,165.8840908,153.719
164.170395,3.94623406,1.813720653,21.32248304,34.05417639,145.7440567,0.818129252,71.84504648,146.0971776,162.42
92.40364097,4.767993116,3.276734522,11.98909001,12.80233981,187.9937803,0.701538881,22.4169178,177.8593411,138.801
178.5955701,3.135978853,1.756035408,17.31235806,22.72970065,183.7818618,0.34040084,64.02834121,170.0669646,158.456
113.0964029,9.029241227,1.4484498,18.16251415,27.40909299,126.1491046,0.796275522,67.37788482,108.7492696,231.531
163.8073454,3.876182092,2.434185328,25.98670216,12.42691817,153.6810049,0.400280089,14.2618646,118.7488837,73.5909
118.1769966,2.562455407,2.550781981,15.95876992,16.94006015,108.0574919,0.538911019,53.72458184,40.00119134,222.317
158.6139791,4.922809122,2.531867794,25.28002678,15.61010697,182.609571,0.473459304,62.44935999,64.86760126,161.27
99.48007258,6.117491284,2.165023923,22.73553327,26.65416688,113.3174243,0.516779351,64.63583548,139.782356,216.527
85.6757186,4.896281795,3.917293974,16.29082724,21.43933155,120.2364716,0.925080078,71.17427247,104.8344613,270.685
99.76925589,3.187581195,3.00102046,10.33082477,37.67756096,169.100176,0.744700951,51.73080113,21.82687781,219.105
134.5747885,3.37532299,2.705715627,9.89327001,13.1806521,179.4798084,0.852166573,60.97043157,163.8797951,210.639
155.1138235,4.831542088,3.394098956,11.16876359,26.69044815,216.3295259,0.431293965,39.85769693,60.55555777,117.783
116.9196213,8.52367705,2.801372505,22.58756691,32.32811176,113.8827964,0.575035343,84.56336267,50.93065732,224.492
188.5991183,3.451371158,1.121507348,12.49030522,11.21648624,149.1295418,0.699422113,43.26328068,89.32118976,156.213
101.5237615,6.276520033,2.988700484,28.10795729,20.62049072,219.3902504,0.341416575,41.20317873,25.23292964,155.186
126.6122748,7.619997542,1.860860609,11.67145322,19.49142375,136.2276762,0.607699703,63.48646186,99.21903488,191.229
160.9228281,9.40105428,1.371956474,18.54410167,25.51697577,212.0459095,0.718843899,86.51531877,114.9162635,198.499
110.7413298,3.040055976,3.354621686,8.164684418,19.88610825,161.0119364,0.862303827,74.80343204,137.6294377,257.415
98.26013266,3.071109757,2.112915359,8.069631981,19.30226773,142.2085771,0.283480471,62.81076577,30.43431534,257.091
148.0253777,7.941085771,1.949169177,19.76990292,18.02824494,164.2987129,0.869162008,32.91740363,157.6081731,108.663
104.4432926,5.409592458,3.497164882,25.36171194,31.61831804,216.5206925,0.86719442,66.27686216,114.7195302,192.957
193.2835771,8.360547594,3.923394277,10.91276713,14.30169219,110.502393,0.209133706,31.26265499,174.3260109,112.422
198.1688352,5.945259011,1.616825078,26.49277737,16.02281996,193.7872434,0.705987817,60.86437368,49.13389213,143.837
186.5830075,5.149042851,3.997634077,22.55147881,20.51985821,192.0805096,0.642652425,29.93507421,167.649919,92.4063
128.6279369,4.049561459,1.768558169,24.77783105,32.99119721,175.3469865,0.333937337,42.7949895,156.1338925,129.049
98.79310867,8.67796755,2.350944906,21.68171513,17.3434133,179.8675883,0.660348923,16.32572361,83.85642905,97.697
124.045753,9.832703149,3.659653195,27.65820708,21.3713114,154.203379,0.210082281,68.190249,163.24105,177.159
78.77050007,9.53510853,1.692270512,16.16183905,26.57080056,157.1647254,0.586285321,15.21270002,178.7273686,134.566
195.021255,7.04122777,1.164144376,15.66571869,31.22515898,103.4534402,0.509338361,27.41204772,95.4209949,93.0392
70.64680811,6.011070621,1.390008403,23.20043305,35.27556154,118.2134522,0.459279198,51.81737706,91.38015497,275.214
98.63623676,6.973058446,2.230487679,21.36548505,10.06734343,120.3659411,0.674193872,40.29751008,173.9390579,187.318
177.378792,3.465643572,1.505248229,19.96807325,17.90461268,128.4870875,0.569489551,77.23087704,46.17068092,221.873
166.0422427,5.69499601,1.168882467,17.89620603,17.56838873,178.7980315,0.218345338,56.99718767,51.86996567,161.97
159.2944763,9.989766856,3.204697702,16.19806241,30.29553312,167.0903386,0.749772314,95.79904133,112.6865434,184.33
136.9987357,2.991231622,1.244694707,29.01922197,10.87268971,127.0021931,0.445192929,79.05778551,17.97967989,315.505
115.4525473,5.950442119,1.031172574,17.5598849,17.38871181,171.7961144,0.294749041,11.05367021,71.80254259,80.0936
146.2211815,5.051801581,2.2091178,22.64749199,14.2380098,166.1757758,0.873648,20.39331091,105.6221577,88.2399
183.7228401,5.285764598,2.090163284,19.81414507,29.43614553,100.9224815,0.886199414,44.60221181,137.3255587,120.254
141.4612747,9.771955365,1.825363684,25.15271059,33.72420846,149.9438197,0.565878724,52.39569765,19.48656178,145.627
177.1996893,7.739279071,1.589057946,24.88019036,25.87347912,187.3593486,0.62551796,95.1776639,46.98903522,193.571
162.6762665,2.535909542,2.255765623,25.94696568,37.07887304,107.4688897,0.789959956,55.46945403,118.1364769,157.455
190.3466836,9.788202878,1.526242016,20.38521614,28.03515807,115.077751,0.411647691,79.93236741,41.30688963,173.81
198.7353419,3.819311483,1.881958771,23.11201112,34.59538521,184.0585627,0.948493951,52.80640129,14.12942601,128.686
170.1302663,3.792778296,3.742895432,11.08573357,12.75231283,221.7939211,0.354184677,26.69459499,25.6491945,105.656
170.6659798,6.477905207,2.049366711,22.30939376,34.79704836,195.8170756,0.909169625,38.40144277,127.8376604,99.6865
189.2883844,8.19997398,2.546530797,21.72426434,15.92630392,165.6534301,0.436719879,55.11252936,164.1517768,133.109
140.5530619,7.375725973,3.31164773,29.62193771,16.08100414,208.2498793,0.733586897,97.47040281,18.6009851,229.91
79.82202085,5.508225529,3.772457257,27.29258641,35.46188723,122.6278625,0.806776624,23.5463456,41.70979323,128.735
190.6618586,5.312364143,2.861020606,22.67709823,19.52828648,128.0499577,0.536681837,79.30334557,88.36137021,174.54
148.332112,3.00531852,2.079586425,8.594017118,26.90209723,145.5501483,0.661335397,49.48761492,19.39456728,174.564
123.5241659,3.274624507,3.397878951,27.825145,12.89126464,100.2460652,0.710853206,87.91199751,112.255552,296.901
70.40119888,6.191830923,2.812705905,11.84833201,27.98157953,123.4049704,0.830569445,12.37044187,62.67724146,110.897
127.9327896,3.36547249,1.080268094,11.93675636,32.13694255,143.3942749,0.898827637,70.07099083,50.03891759,240.525
117.5770026,4.881029736,2.354441478,8.538316769,28.73616694,110.0630802,0.894079471,11.71726087,14.28590151,88.322
133.5497919,5.208180228,3.439085013,18.41242391,21.01062708,212.4072635,0.35091888,72.58823574,150.9009566,187.114
97.27816311,2.506731147,2.917205003,11.26762934,20.74105377,207.9721015,0.242117345,56.89002266,106.8287633,220.299
153.1876553,6.695285834,2.486298575,29.29912397,18.92601829,110.3830325,0.88514717,47.93199974,76.21583431,135.883
145.7357075,4.202366099,3.233383377,12.08892134,22.14172321,196.3048939,0.49875727,35.77547171,43.01933271,123.093
100.3243526,4.664609559,3.897170865,13.52148232,17.70789989,145.3393721,0.844152317,20.3103629,127.0423332,118.397
75.2226408,9.300851573,3.791908767,23.31364715,12.29750744,171.3185327,0.440533381,34.39601242,75.09069733,183.649
88.18390735,6.247687691,1.535444354,10.67109103,18.07435252,131.3111245,0.511992017,80.57501418,1.241865064,421.936
111.3154978,7.803296257,2.030076837,15.39505721,21.20829247,112.9811805,0.648847312,99.26444197,69.27876405,274.056
144.4039942,2.959626085,1.624244463,28.63298715,38.28618223,198.1741563,0.77573549,59.93904585,161.6034909,162.705
96.99596094,3.335776638,1.934042634,14.77691801,38.44881827,195.3165888,0.372440696,22.12878977,49.8203244,116.353
178.0418208,5.081425964,1.85174894,27.59590164,13.9120688,113.2674493,0.65062496,74.13071608,126.7364104,188.462
152.6087017,5.997772586,2.750549776,27.5234208,13.22653223,176.2667895,0.553304949,58.39275905,60.33078392,155.908
95.87192226,6.080252487,2.288046257,29.27599853,36.86440072,105.3009532,0.800475958,74.44859908,138.1320324,213.553
78.37700171,9.896410183,1.910391899,27.74240027,14.68164862,137.1031553,0.265498539,24.8971447,57.91317099,136.581
84.53144326,8.310633877,1.927718996,18.43635972,14.9384256,170.3285399,0.288575101,25.44961464,50.19551734,144.124
109.0556701,7.770986598,2.490721134,12.99155505,32.18807997,137.2044159,0.597717927,23.36384519,162.7529097,119.642
81.71121988,5.770929944,2.870235637,10.78460712,32.02735398,220.7582665,0.530486854,72.18000896,66.0932659,274.547
157.7510507,2.540567792,3.588425502,26.79538471,26.8182659,155.0572763,0.667031137,88.57395256,67.06760584,212.702
116.6373375,4.78935786,2.095321297,22.16701381,16.38661326,190.9142291,0.71161281,18.24506665,136.6742024,93.7067
143.2843015,4.772942956,1.921719843,27.67196955,13.2606047,197.1923018,0.560210388,43.65215665,74.84674456,136.32
188.8745981,6.059233394,2.996593664,19.25828828,16.20075374,103.1199539,0.626086234,85.34438551,103.6549913,201.219
173.6338962,7.497663606,2.784564457,14.61091513,37.74886104,102.9331583,0.396849331,85.58296699,143.663153,178.878
196.0829911,5.008836355,2.622844438,22.74304244,27.15235586,177.5338215,0.835784764,83.90857461,81.9120391,156.567
111.8435481,2.970642071,1.090531546,20.60684337,10.69363138,214.3214438,0.230235184,62.37221112,65.65449969,253.233
84.23161804,9.081001329,1.985373499,11.73059507,28.47753065,145.0412878,0.464235986,57.389643,19.84329959,255.434
105.6088252,9.173494474,1.727443055,23.14303099,19.982959,149.7048022,0.784566584,65.30718192,101.3654803,196.393
133.8046564,5.920128006,3.035498397,29.99985914,32.68666893,168.1285643,0.622618867,18.86585891,12.67505607,87.1704
159.5427997,2.943998757,3.991242128,27.01588767,37.94195737,96.57939831,0.271057122,92.43309794,45.95040221,225.889
86.16480304,6.725882276,1.141668679,16.39460724,15.02118499,162.8673219,0.280121063,94.85746362,9.644613764,450.715
147.4101013,6.519524699,1.181837148,25.72634723,20.03543359,154.7909684,0.539484458,86.1360486,19.17695453,232.166
183.9923465,6.839011384,1.187513982,16.80959315,15.19054707,116.2873434,0.632063773,23.29899338,26.23390979,98.6708
175.8240113,9.633037071,3.728070282,22.70251196,18.6396377,182.0094702,0.883680811,65.43728913,11.84921934,157.613
97.20426176,5.798741803,1.778472115,20.10691905,36.99293509,221.2928088,0.905124169,46.8857768,14.627329,176.901
141.9860866,6.237629503,2.261276627,25.41468875,14.11120431,103.9766021,0.684523119,73.72096472,43.38655018,213.945
106.9870476,5.872909673,2.318319517,20.65636946,11.30171867,189.243592,0.899582172,41.85303674,88.30558297,173.09
103.8185785,8.058575992,2.954415967,17.73321598,24.76082694,185.4313327,0.423890929,15.63195272,158.6183763,92.4297
172.2251979,4.272705099,3.449190252,20.90654926,21.26096362,178.860514,0.791161498,50.35137136,75.83995067,130.336
170.2399924,5.116161213,3.284122652,23.64720674,37.91286607,121.8907734,0.33690489,86.71761027,84.10278506,176.002
188.4917924,4.317981805,1.070725315,12.94911558,38.9472685,177.4560143,0.284111044,94.15367638,51.32558816,200.473
158.05065,9.937591136,1.753752435,14.01295043,12.02548957,109.0821926,0.287524602,30.20938375,51.41695041,117.01
157.2002566,4.995174634,3.960875084,8.380714192,35.72927811,153.4255997,0.32829036,93.08021853,179.6622286,234.381
91.03965884,2.778164292,3.470786391,28.00017249,24.94551818,129.8769423,0.616535019,23.8757719,22.38289806,137.29
122.430902,3.149017374,2.213049172,19.54902083,37.51761163,132.3974517,0.717763363,95.9990555,169.5198608,243.407
108.4349571,5.570083459,1.079869579,15.52042158,11.00702242,117.830515,0.658216544,56.47804842,3.033059109,282.081
179.4236496,5.806547477,3.171302368,15.32401221,11.80839666,182.086044,0.35878705,75.0588563,109.4600106,180.327
74.75013883,4.874943004,2.520956766,20.68768163,28.93897677,196.6263017,0.764761205,94.7791485,113.2290764,348.33
170.3980686,6.091736497,2.698389737,12.63003167,39.3677802,156.6776667,0.249607617,86.83051751,127.2674064,173.642
160.3983017,3.03419056,2.053164508,20.49529174,13.37909529,161.4326147,0.620568517,45.87189932,89.10775699,149.792
166.942092,2.746675908,3.435642093,26.19141184,30.16338735,164.717706,0.93277201,44.18343491,167.2637162,126.221
195.7513953,7.290212968,3.702186485,10.58058025,16.64040929,107.2096692,0.456366842,70.78853308,80.65195353,169.217
155.9648626,6.262508562,3.111622322,10.54441705,27.57625001,142.6489129,0.320208612,87.61193641,73.04423812,201.274
72.25546545,9.726976529,3.79379803,12.62969839,22.62251868,197.445834,0.636600063,17.54461017,2.602923921,137.903
116.4634272,6.121165246,1.035684885,27.20237183,11.18948652,216.7788532,0.495045993,16.76932638,4.953033399,106.788
142.4521805,5.64160029,2.395663306,19.61999756,39.78067367,215.3026229,0.843021853,62.63817923,173.5326991,155.842
166.3524887,7.100104263,1.312161252,14.9627582,18.44231217,150.7079421,0.523377704,52.15053567,152.1844367,154.395
148.6378051,4.715267169,1.255844279,10.18248639,27.72908652,111.0101151,0.892572466,90.92480883,81.30189194,258.592
190.982992,2.638387206,3.81297652,17.14770129,29.91753328,128.7924151,0.239570506,79.39927706,124.196124,193.572
163.2056708,9.180485038,1.744119211,15.60850742,22.53296722,125.4000625,0.415022545,91.50384113,114.389911,191.512
164.1192663,4.706000431,3.84419549,18.81127564,24.09601623,114.7790333,0.248984309,45.9609618,154.1712241,136.331
95.72897072,9.211995056,2.533960864,28.67969927,39.16556078,112.3624836,0.240277076,89.22626645,112.3391258,237.61
175.4750324,6.49184632,1.846424919,26.7785874,38.65234581,128.1331159,0.327383009,10.39222986,119.3763962,55.7524
178.4747863,4.036959436,3.850094106,18.367367,11.14340822,136.502142,0.601360125,84.71431942,57.47554518,233.778
132.4692685,3.28963281,3.516855376,8.229925475,28.65970727,115.5636221,0.931421572,40.13751991,111.3670076,151.956
198.5113874,5.125097318,3.912117605,10.24625198,10.34111493,190.2012337,0.891469111,77.56315344,159.7353994,200.435
104.9935224,7.336818689,2.20299504,23.4497738,15.36998663,199.2044076,0.582806293,65.91442177,157.0674901,199.763
199.9377142,6.250383089,1.966347769,21.00587443,31.07114017,175.8245064,0.703930606,34.15213433,171.9205726,91.8338
194.5888461,5.548449733,1.207746921,27.22653186,26.24007802,170.2544192,0.720938181,31.60127425,34.5139494,97.2753
71.07969437,6.817181898,1.978025153,13.06378078,35.54081985,207.8242375,0.533471362,95.83735744,23.88224048,389.553
87.74019405,4.814150857,3.8731202,14.84918028,21.52584612,185.209327,0.528805457,24.49489882,120.0057534,135.129
175.3384841,6.175493177,2.735340813,18.329123,36.6804371,190.728649,0.532971726,52.00422561,63.0229737,120.223
85.49615998,7.17336069,1.580695984,23.50476344,12.52115004,219.1986124,0.82307004,69.92045719,85.99218073,302.237
198.3963412,8.154791877,2.025779188,27.46330793,37.32604972,182.3223383,0.451649455,50.66403438,124.8908565,101.697
70.70455706,7.311471934,1.075080004,13.43139356,24.51978595,157.5898058,0.707563618,64.38623238,151.770736,365
77.26487793,4.491024271,1.098862461,11.5407298,15.69217189,142.4842233,0.402290968,93.17895955,105.5702641,447.808
78.11745802,5.039230479,1.283986323,18.79493006,23.60807311,206.888897,0.39190605,19.96999249,120.3598638,144.757
122.5569176,9.316236705,3.931281799,17.62869261,11.8634941,151.3862937,0.773569843,59.73127921,73.88997909,192.887
120.1831063,7.888475438,2.23682282,10.03748944,31.28200982,218.5592637,0.606629712,24.81928669,9.330006266,117.735
184.4882225,7.234937657,3.076864567,23.1749822,39.29842276,131.9368861,0.888224358,58.13373067,48.90718114,124.774
172.6061099,7.537008468,2.3413041,27.56020932,16.32083252,181.7580005,0.405910239,36.54894103,130.8796927,102.921
145.3078306,8.279657643,3.480401013,13.04217958,20.06196851,161.3451552,0.572294342,74.27157871,58.30008357,189.577
142.1542977,4.421917248,3.462937336,9.064335012,25.43059404,217.551948,0.496116999,91.04864264,175.3336015,238.934
184.1994193,5.688677665,1.404679427,16.36906037,32.79235229,206.5847564,0.737917936,14.63399564,64.35876418,66.5507
148.8361762,3.397305681,2.19160812,19.6518046,22.58694666,188.453273,0.919380988,12.00504068,76.6165958,67.3269
132.3862725,6.788087651,3.081253426,11.90955692,15.54406265,133.6171122,0.399863589,19.38888057,26.91175115,101.323
90.10789876,2.717441779,3.348711974,16.96023771,37.76958272,121.3679092,0.364228922,92.61649091,116.4386513,300.881
87.01943392,4.064119348,2.369269441,24.14197615,28.53496534,158.8566145,0.574363236,61.19594978,114.0306786,213.691
177.700841,9.94804272,3.893660436,14.50404398,11.37511727,150.5126108,0.61577039,41.42626829,6.90330528,138.976
131.2060226,8.845772855,1.199798037,28.50737828,19.63815969,204.9908645,0.26656344,90.2747603,106.2965672,229.725
152.0203048,5.138013748,1.853227868,13.95721814,27.55868457,217.2126861,0.205713644,80.54895461,153.3327596,176.755
91.64895181,7.094367878,1.05974012,16.91660013,11.88155518,128.3635647,0.678279282,92.16342505,86.46052136,395.38
186.2847566,8.267483936,2.747725659,14.57409616,31.59425447,148.9645744,0.580861565,83.54200617,30.16945458,163.896
112.4910358,4.026822392,1.112754533,22.06406938,15.81999486,124.801459,0.544637737,36.10418871,78.45766417,166.262
121.933232,9.734524218,3.66966447,13.65824841,24.55038328,117.9218787,0.442038186,78.46516417,53.2501123,217.851
146.0324227,9.124117435,1.411074439,13.37061132,20.71596655,150.1711784,0.64594079,83.03172935,21.470828,248.084
189.6365499,2.856081192,2.300648553,7.884098912,15.89111196,217.9993737,0.450269063,94.36816739,165.4882875,221.969
89.64793347,6.901821397,2.294570486,15.02959561,32.23418609,169.3652982,0.220617799,28.6428153,84.948701,137.873
95.52116843,2.707786981,1.906356658,21.06210004,27.69915168,182.7031344,0.290045172,33.28780486,87.04458056,147.567
154.7089472,6.806157479,1.872104366,21.48680866,30.10242696,112.8483443,0.730648212,30.52527206,115.0526929,99.4092
123.7073775,9.719256686,1.151820862,18.33423317,38.11912002,113.6775852,0.780432596,19.64952322,36.84811937,101.915
187.0442532,4.056942865,3.202338707,26.44316761,24.45988247,177.1495752,0.861639467,93.87838286,126.7072485,175.472
162.1133844,5.255660565,2.664592849,28.93935631,24.31204039,141.9259232,0.504695428,10.48665146,58.89882411,58.8413
129.2923191,8.288840853,3.543526456,13.53727696,19.35124265,134.7619529,0.62150083,45.59020556,139.2662157,154.651
125.0664046,3.716207834,1.240602996,22.87058584,35.87445436,203.537541,0.486416168,46.0452826,122.0984382,158.319
197.5763986,6.319466417,1.786544658,25.17326371,21.75097167,123.6424637,0.797535096,95.64504381,100.365104,183.681
110.5869657,8.11148218,2.10033721,13.49664016,11.65063469,97.7298054,0.367108216,56.77102347,11.45680473,242.745
142.9531886,7.036969178,2.256655785,18.76385847,22.7669575,129.7031387,0.665558033,48.94444461,0.91389997,153.081
87.38372723,3.725293253,3.053385339,8.816252126,28.98372532,217.6739404,0.393300257,95.26907839,98.16808533,335.65
152.979549,7.528158104,2.966230337,10.69691896,12.13105514,147.7166057,0.927366887,66.08126073,102.4619387,190.049
76.79234608,5.010828862,2.527401963,9.503313601,15.08844202,176.8592462,0.89749085,41.53947978,54.71030349,233.643
182.3251709,3.152850253,3.173499913,19.37986347,32.54404957,115.8949283,0.345693226,69.34658869,99.59972838,168.939
118.6916479,3.760075018,2.344234885,22.09607441,35.40725684,160.6919255,0.564167087,26.59972765,11.56674072,120.716
107.5715497,9.762324576,1.136243797,19.03893971,34.64643309,98.30575375,0.929765556,96.27707869,97.01270947,308.682
121.2215529,9.620006007,3.531195255,15.3535342,15.27319301,121.0427565,0.331859812,12.44434047,53.43902956,78.9749
161.1793436,8.098797497,1.278971672,26.58060165,13.3160858,137.9170417,0.308295571,31.77039275,118.8400487,115.35
89.83787923,9.000733897,2.273998193,29.76561747,12.18619975,98.10337121,0.714769611,28.4611789,129.0083095,138.618
110.1652822,9.806946364,3.53610424,14.0039912,36.43495479,188.215074,0.792590637,32.15653742,130.4197719,132.049
80.09615305,9.161554453,2.808416584,26.89307002,30.49834652,208.065878,0.379431485,39.04323934,107.5366741,163.532
114.2081055,7.923808635,1.328705182,29.88758185,16.68643308,155.3024803,0.471240346,87.23627002,131.0678226,251.982
152.3245701,8.258808095,3.545566491,19.49788812,15.87982664,138.1710411,0.404324557,77.89129931,26.43965569,197.84
151.0028043,4.011943976,1.231065179,27.11968406,29.39788472,169.0191696,0.491574817,19.51932153,156.4652266,84.4419
179.0229566,3.486563541,1.895605916,16.50809173,31.52879099,134.6332492,0.468485465,50.24155324,173.3494594,136.847
139.4685421,8.753686965,2.937616739,26.86529142,27.78923006,184.7522617,0.432119072,54.22529404,56.16946803,137.469
90.02889967,4.373507814,2.628392435,20.56528712,13.81704089,181.1610444,0.745701203,26.41115199,155.5366249,136.417
91.25294286,3.201899753,3.400843019,28.23004971,30.71619942,96.05774113,0.726978951,49.87551841,129.724359,193.054
194.8010028,6.209078191,2.566774606,29.7976894,28.39432278,102.3501086,0.332427447,36.70322508,159.0827996,98.8767
174.0561904,6.303444543,1.654255521,20.47243328,32.73107236,166.5166875,0.638639824,38.87857017,138.8299677,112.387
105.1692769,7.060114935,2.716505704,15.92186628,26.09439912,136.6714842,0.36020183,18.66596518,15.54641459,106.263
189.0441197,5.024799943,2.789454519,9.61223677,28.87987509,170.5619444,0.750713088,97.20672557,167.8499861,199.632
81.57143542,7.543012165,1.393267375,20.78118945,38.19949423,200.92104,0.871560172,89.00056922,120.56728,342.35
199.5887806,6.767773899,3.265777914,9.333099961,28.4875136,106.8752939,0.507249946,74.76377542,153.5369524,164.491
197.4325305,4.120132519,2.178371882,29.33430662,24.61902055,142.8832363,0.353637286,19.04017121,37.44809572,74.3164
169.9482906,8.010641627,2.310499828,27.17713924,13.15524379,190.468352,0.297703807,76.14420268,149.9121524,163.079
100.3473515,6.933722075,1.193389432,24.02047728,23.27578448,202.8773925,0.664716694,43.77523135,77.69081198,179.878
121.8044161,2.909402275,1.128329764,22.36130404,20.17556354,204.3223865,0.347103338,37.78894023,65.90821945,150.749
132.917302,2.860304456,1.263972295,22.43351373,24.36409259,183.9612136,0.695687804,11.91411397,113.4606688,75.5037
176.5869379,9.818358664,1.038571766,21.57084611,37.69094286,193.0645544,0.213385343,49.74861521,152.5336865,125.949
133.7229888,6.412075708,2.87435886,19.50132267,34.27383238,138.8946046,0.44716882,77.35427389,144.2411196,181.927
101.6503762,8.346921749,2.11032064,12.33298892,28.17695765,208.727899,0.424716044,19.808158,179.1150756,122.885
111.4802706,2.758811073,1.225857946,17.69775992,30.89202453,145.1786738,0.870094341,87.84882446,91.01373392,304.665
141.0635087,6.848132164,1.585129483,16.11917369,20.38545527,143.0745579,0.671409828,49.02865981,16.54540466,179.756
135.8855108,4.38123661,2.806985809,20.04908452,24.91681864,159.6813582,0.552616684,81.45935422,24.17519232,215.69
108.1913012,7.565011925,1.550334698,13.23233663,17.94297337,131.5220642,0.262095983,45.04670731,63.29625605,202.567
96.7220438,9.33501565,1.344840548,28.9056991,14.35788389,110.2198806,0.4299899,48.6760546,133.404091,207.369
168.8666592,4.909398784,2.515420198,24.93829933,21.49482545,122.3785174,0.639724821,19.29815795,56.08158991,79.8229
126.3926862,9.03385119,2.901076057,27.26133467,27.21414394,132.5783782,0.500805901,73.56595218,4.655219515,196.249
127.23819,3.840902908,1.399222971,29.54151892,25.37519154,131.6278124,0.476352997,17.35283942,57.70897472,90.0012
149.4502151,2.654740124,2.886450845,14.35382318,31.95985347,218.2370285,0.472645418,58.06081055,141.5755457,156.577
132.0459789,7.325471405,2.970786122,16.93111423,29.3040464,175.1369322,0.837361997,36.39587235,109.0246216,122.527
144.9868477,4.332693678,3.14266479,20.62962812,29.72959452,172.893619,0.646105714,94.05674665,160.6883263,212.647
108.1327205,8.438277222,2.72729132,12.141537,33.20056786,144.2134327,0.433404834,94.70995055,147.9638629,270.979
71.92922276,4.656097721,2.908006056,19.91306339,31.70985706,110.9282314,0.756903849,99.38947648,140.6461708,343.647
157.0162891,6.945905193,3.211966097,26.25935499,29.11407318,220.860225,0.937495285,56.00730917,27.68452643,136.898
165.9775592,4.6918384,1.476776624,15.73366958,31.75495792,215.6417739,0.908134946,52.48126227,93.00326274,145.865
83.66590177,7.192359755,2.059024314,17.71878248,21.07730865,108.5479702,0.605444876,61.48682869,145.0266647,254.182
94.72450579,8.903360892,1.271637702,14.73337469,23.10865239,171.7085815,0.427607186,75.61408317,94.57535502,306.878
143.4943814,8.781892832,3.526169299,29.11817724,33.67008452,156.5960436,0.542176362,72.43605336,31.72747521,166.252
127.1528894,6.628870531,1.211662405,24.41180727,16.52303462,201.52818,0.57829941,91.87909063,34.10416801,267.374
165.0947558,3.784956622,3.072598447,22.40029082,19.45644211,162.8419553,0.801348154,75.51608123,61.75698608,182.705
88.88289942,9.455648523,2.898217386,22.11849133,33.15702931,213.0353027,0.715154008,69.02956667,82.80185966,220.614
108.4838541,3.125678436,1.954009227,14.38805584,25.91451738,171.0365841,0.880640875,95.37895941,28.6337718,304.621
92.23166831,9.554369067,3.592945703,22.28313241,25.74436439,204.6686595,0.457566996,55.20975882,124.0271253,196.296
183.5599219,9.34618144,1.118219016,28.0435468,33.8558388,127.2213583,0.291528109,20.08908263,94.27784534,74.9173
85.39439646,5.335969589,3.651337156,12.20441526,33.26475871,189.9639891,0.755186119,99.03469361,62.32627113,326.575
151.4812435,3.511158229,3.810674176,15.37930478,25.19399407,187.4649274,0.514158936,63.79265549,126.1343109,165.045
117.1609206,8.862767206,2.118434394,15.64513279,38.41044172,139.4267749,0.314978571,78.17846616,168.9860107,214.633
139.6660367,7.58657923,2.320521192,25.91843614,22.2655051,119.7222501,0.563290867,36.01955583,146.8447793,115.376
111.7620267,6.914939935,2.224068487,9.581420059,37.00085537,210.0657454,0.493275321,79.6633511,178.0919129,248.646
192.1715755,8.565411464,1.30547118,14.48184135,13.79268828,124.6261866,0.231281533,59.64340717,13.21951403,177.457
80.7972682,5.846562268,3.291404918,22.46540822,20.09836092,216.840394,0.212609257,67.10681284,164.5619931,231.853
97.6694825,4.557540222,3.070596987,17.09502378,33.54730672,156.9320462,0.698517342,61.81371107,50.85804594,212.89
76.41681407,7.680404239,2.362646819,23.280349,10.94874634,159.9544427,0.490523537,98.4634218,68.06193229,372.567
129.0032509,2.981506675,3.179502131,29.92080564,11.76306822,145.5827819,0.228383855,98.75920338,119.9770366,297.384
181.7098389,7.00304037,1.35180508,14.88312782,15.31107711,154.6136317,0.20851496,40.82744107,172.5390968,137.398
91.34492084,5.247770614,1.570405166,27.06303542,27.00836165,141.2449859,0.584943251,40.46272969,121.8380187,184.797
81.01948178,5.914151692,3.093829923,9.705901044,17.19631834,128.938553,0.515715213,47.57289606,66.85276539,236.276
191.7693663,7.477984042,2.599381044,25.69510709,20.77038168,165.7808041,0.765053424,57.64614079,8.76013401,138.581
172.7255906,9.398410619,2.98632698,27.85766823,31.37902793,115.3679914,0.229997494,11.5564282,116.7603118,58.1918
141.6918631,8.898994414,2.31227691,11.77763139,25.95827907,150.2700156,0.322972623,13.85657635,170.2265595,78.8765
190.1123599,4.546519676,2.539976154,10.06485803,34.30618372,186.3745141,0.644161091,37.03213042,134.3361483,104.406
191.4375872,5.9881938,2.731305456,14.14392414,33.95194282,140.3606657,0.822213901,82.47403325,48.012599,164.956
106.3981659,8.587365053,2.418177891,19.98413611,20.57233118,210.7598945,0.403648678,83.19759432,1.959993929,232.428
168.6899682,4.956433237,3.126562745,25.78762039,18.32687539,136.8592953,0.602542416,85.84139927,35.17605913,201.683
109.4079411,4.82116475,3.388503434,29.72922763,31.43898146,221.1412635,0.310533185,22.56840179,48.61861604,100.086
84.65593792,3.598239788,3.377614933,19.62589861,10.96788064,133.0684105,0.617862096,75.01543083,141.2571839,312.077
124.8878783,7.427637925,1.264675157,19.7151465,32.4378164,151.8089374,0.840408456,92.88710959,152.9459468,252.185
73.98200598,2.605117757,3.770932539,29.94692017,15.79256113,114.0207594,0.527502048,34.50092704,14.95314038,203.814
191.1902288,3.609036466,1.76640982,10.36450221,19.69355492,140.6677302,0.596794081,78.34165072,161.1232259,190.609
151.2549827,4.572226795,2.65224003,13.4416647,35.76617149,167.3630235,0.882447272,58.57568652,160.9091992,156.524
138.0941329,7.890136286,2.615890968,28.30146281,20.23575921,101.5667889,0.36805743,10.64401969,142.8927904,62.935
115.793748,7.512016643,3.553265113,28.77010696,20.32239369,146.5676415,0.351785962,58.70957853,95.20943558,178.369
90.60546917,4.868565959,1.456983791,19.5812576,17.26743677,179.2345262,0.734537213,48.24740299,132.4621802,228.729
95.10058493,7.821976844,1.501430939,18.20741678,37.09794128,135.8346119,0.876455433,99.14075404,147.5210565,335.949
130.3181382,8.640478482,3.269308813,23.25954895,28.78716671,128.7410798,0.819533334,52.65633727,168.9111871,146.864
103.6798737,6.409457107,3.090508903,28.74250781,22.80749627,204.4013898,0.540140272,70.32281433,151.4721144,192.213
107.1968211,5.063231232,2.849897171,8.846616145,25.69762705,117.2547376,0.747755867,27.5651081,123.7091973,140.131
156.5088827,9.475719024,3.221430394,24.58564536,32.24501747,120.023515,0.910460272,64.53534695,129.5360817,144.321
133.2588067,5.887267756,1.190894143,10.10793859,27.50952717,134.1968105,0.700564748,53.93530266,176.4292992,206.94
196.9582979,4.340600825,3.164482606,9.975142078,29.64382319,216.271849,0.944948041,28.52927683,130.6279414,88.6602
95.2336809,7.595901554,2.978075579,19.0138359,36.13499107,172.0632267,0.669988195,76.42192261,148.7762138,233.254
127.7821354,3.3250125,1.125509733,12.16488577,34.10583807,176.3348531,0.690697339,29.56604773,72.1886792,131.916
109.6246125,2.961091113,3.139555023,23.90687491,11.33618046,185.6823175,0.906579902,82.79863205,74.14950843,276.438
77.5176401,3.919509834,3.802116813,7.562264611,38.54442547,172.627792,0.449861369,49.35842102,104.9983741,240.142
166.4223586,7.913338522,2.923208788,13.78457543,34.01496947,106.6713071,0.741937277,75.66690654,10.78231294,184.08
182.0781089,8.95524018,2.409764277,21.14584716,26.61701279,188.3391745,0.380500864,13.04448051,17.39889509,64.0292
155.7460981,3.262984907,2.002475772,17.52579379,17.55037066,104.2343924,0.709754958,73.3470941,24.54371799,228.018
